Date,APG1L.VS,ARC1T.TL,AUG1L.VS,BLT1T.TL,CPA1T.TL,DGR1R.RG,EEG1T.TL,EGR1T.TL,GRG1L.VS,HAE1T.TL,HMX1R.RG,HPR1T.TL,IGN1L.VS,KNF1L.VS,LHV1T.TL,MRK1T.TL,NCN1T.TL,NTU1L.VS,PKG1T.TL,PTR1L.VS,PZV1L.VS,RSU1L.VS,SAB1L.VS,SFG1T.TL,TAL1T.TL,TEL1L.VS,TKM1T.TL,TSM1T.TL,TVE1T.TL,VLP1L.VS
2022-05-23,0.647103224582831,0.6720301166483102,-0.7094798412879258,-1.4653375416253522,0.8977193447342383,0.3140600521995126,0.5709795358097567,1.3336560967484052,-0.17197525567877173,1.8453002241033287,1.960094770615237,2.414126495023534,2.873507460590036,-1.217395811770586,1.3069805363332632,2.70018690266284,-0.1473406160779622,1.3402504051427764,0.10436002821173344,-0.5276327865332945,0.285178974500838,1.118414897264793,-0.4812668685908983,-0.25825270052379107,-0.5978369790812044,0.6881346435287342,2.3145136525509282,0.431782391654776,2.5824160822187445,1.4469189829363254
2022-05-24,0.660107296910448,0.6819311753357269,-0.7192858275971883,-1.4610179360904836,0.891998062756118,0.31826462563157526,0.5709795358097567,1.3260128057629483,-0.18392281752855164,1.8453002241033287,1.9572738969296473,2.4033350340342152,2.8680280948938073,-1.214023170684172,1.3029127703213834,2.6823973609350333,-0.15665378773720595,1.3350010541839938,0.09075438939652726,-0.5108255840295616,0.2738367091433839,1.118414897264793,-0.487760314334431,-0.2686640596293941,-0.605136296250607,0.6881346435287342,2.3184584271318425,0.4278787284344037,2.583855966758104,1.4469189829363254
2022-05-25,0.6575199757395465,0.6769929301000246,-0.7153928046217354,-1.4696759519183977,0.8796267831169565,0.30417987529494933,0.5538851187073245,1.3331483323730902,-0.17197525567877173,1.8405496636728618,1.9459101490553132,2.4051416744334024,2.864725853865576,-1.214023170684172,1.2947271937224634,2.6926015496519127,-0.1625189014485307,1.3310459095659477,0.0953102014787409,-0.5108255840295616,0.27763177633470854,1.0986122886681098,-0.5025267894248724,-0.23572230635945995,-0.6161860996873879,0.6881346435287342,2.3105532550743786,0.42526771670484753,2.5852937810105936,1.4492692140094081
2022-05-27,0.6652620040380635,0.6794651614237923,-0.7176448349320322,-1.4696759519183977,0.8985340467854596,0.31265456091528604,0.5596157879354227,1.3661184341755979,-0.18874211365496196,1.8405496636728618,1.960094770615237,2.3978952727983707,2.871319359006132,-1.231001491410891,1.3029127703213834,2.706464319011558,-0.16016875439149342,1.3297240020626526,0.0815800221509224,-0.5141645417766231,0.2738367091433839,1.0986122886681098,-0.4975804291711079,-0.21059755871880756,-0.6180397549606538,0.6881346435287342,2.308567206382994,0.42526771670484753,2.5852937810105936,1.4445632152622998
2022-05-30,0.6729444927051669,0.6966013767877797,-0.7178497888992029,-1.4784096495048484,0.9074517531881461,0.31265456091528604,0.5452270643046899,1.3734623523588003,-0.1911605354799636,1.8405496636728618,1.9487632153206988,2.399711845264121,2.873507460590036,-1.2275826268381604,1.3042705101133598,2.707715150980977,-0.15082287310072942,1.3297240020626526,0.04879011875636829,-0.5141645417766231,0.27002709353331955,1.0986122886681098,-0.4959369666421622,-0.19845094744646924,-0.6088059777807845,0.6881346435287342,2.320425041100351,0.42526771670484753,2.5852937810105936,1.4374626567553286
2022-05-31,0.6805684104249119,0.699025721075745,-0.7180548459890127,-1.4784096495048484,0.9074517531881461,0.31265456091528604,0.5247285627932413,1.4109869504499126,-0.19845094744646924,1.8405496636728618,1.960094770615237,2.3960753943907034,2.873507460590036,-1.2275826268381604,1.301553119689639,2.7014455423673533,-0.15082287310072942,1.339464750776968,0.014888598400041446,-0.5378543108509458,0.25851066201223855,1.0986122886681098,-0.4942962983637726,-0.19237190709706703,-0.6014800320605991,0.6856189213457606,2.3184584271318425,0.4160753086086538,2.593877521630097,1.4327007475904805
2022-06-01,0.6881346435287342,0.706263334533432,-0.7225759750451693,-1.4828052699031513,0.9066443833247319,0.31826462563157526,0.5306282791114146,1.4051161677704493,-0.2082549675951156,1.8421356674849032,1.9768549238454063,2.421256643038528,2.875690999898652,-1.2378743847762739,1.2947271937224634,2.706464319011558,-0.1473406160779622,1.3350010541839938,0.0,-0.5108255840295616,0.25851066201223855,1.0986122886681098,-0.5008752826836427,-0.16499260605266544,-0.6014800320605991,0.6856189213457606,2.3184584271318425,0.4187103223098387,2.5881632224087157,1.4562867240478574
2022-06-02,0.6780335572728562,0.6819311753357269,-0.7236063585495723,-1.5141277380483795,0.9001613654511708,0.31265456091528604,0.5394131000806442,1.3812818240886795,-0.21072102837221335,1.8421356674849032,1.9878743742824085,2.4015250373936077,2.8789571807374656,-1.2552661112618329,1.2933563602278406,2.70270259988915,-0.15082287310072942,1.3441694447662789,0.009950321410848074,-0.5141645417766231,0.25851066201223855,1.118414897264793,-0.5041811268363218,-0.1165338323291143,-0.5978369790812044,0.6856189213457606,2.312535461616493,0.4187103223098387,2.5867295309210436,1.4539530586143468
2022-06-03,0.6805684104249119,0.691735163376961,-0.7205183876475268,-1.53711723422062,0.9162907318741551,0.3140600521995126,0.5364933928227393,1.378766101905706,-0.22064668835786408,1.8245492612873577,1.9878743742824085,2.4033350340342152,2.8691263508934877,-1.2378743847762739,1.2974631708642823,2.70270259988915,-0.15548489559870915,1.3350010541839938,0.014888598400041446,-0.5141645417766231,0.25851066201223855,1.118414897264793,-0.5041811268363218,-0.08446912445680546,-0.5851900724420155,0.6856189213457606,2.3164880320212964,0.41343325442007267,2.5852937810105936,1.4562867240478574
2022-06-06,0.6678293970288427,0.691735163376961,-0.7236063585495723,-1.5050778842223669,0.9017860402526693,0.31826462563157526,0.5364933928227393,1.3711807378328014,-0.22314353641304868,1.8099267950352884,1.9906103514242277,2.399711845264121,2.875690999898652,-1.2552661112618329,1.291983710468477,2.6823904464939363,-0.17078832720235604,1.3350010541839938,0.0,-0.5108255840295616,0.25851066201223855,1.118414897264793,-0.5091603261985859,-0.06720874714351872,-0.5996567923077035,0.6805684104249119,2.3263015972596195,0.4027949139763578,2.5881632224087157,1.4586150670564606
2022-06-07,0.6678293970288427,0.6748445611311696,-0.7225759750451693,-1.5141277380483795,0.9138878304327965,0.31124709144465956,0.5423243074592159,1.3620016797877872,-0.22064668835786408,1.8099267950352884,1.9906103514242277,2.3924257586376463,2.8822126215276764,-1.2729656715554127,1.2974631708642823,2.6851226860500543,-0.15315120228009985,1.3350010541839938,0.0,-0.5108255840295616,0.25075869237161774,1.0986122886681098,-0.5074978368416693,-0.06187540625445534,-0.605136296250607,0.6856189213457606,2.33408373048212,0.4054651081081644,2.593877521630097,1.4539530586143468
2022-06-08,0.6575199757395465,0.6688143752147109,-0.727738604103894,-1.5141277380483795,0.9114791411456865,0.31546357085018417,0.5423243074592159,1.3640487370581005,-0.22314353641304868,1.8050046834297293,1.9878743742824085,2.3887627542378747,2.886537108055893,-1.2801341755829494,1.3069805363332632,2.6851226860500543,-0.17078832720235604,1.3350010541839938,0.0,-0.5141645417766231,0.2546421888022837,1.118414897264793,-0.5124937190773455,-0.1165338323291143,-0.6014800320605991,0.6856189213457606,2.332143913753538,0.4027949139763578,2.593877521630097,1.4516138227736746
2022-06-09,0.6652620040380635,0.6843186049714136,-0.7287743853803441,-1.5050778842223669,0.914689471139558,0.325233429234019,0.5423243074592159,1.3757388332053586,-0.22314353641304868,1.8099267950352884,1.9878743742824085,2.3924257586376463,2.883295524338078,-1.2694006512231621,1.3001916828550197,2.6823904464939363,-0.1731635946286925,1.341035442740337,0.014888598400041446,-0.5141645417766231,0.2546421888022837,1.0986122886681098,-0.5158381607972017,-0.08338159079850715,-0.6014800320605991,0.6856189213457606,2.33408373048212,0.4054651081081644,2.603799711182429,1.4562867240478574
2022-06-10,0.6549259429689858,0.6768465693867589,-0.7300186417797823,-1.5417792567185997,0.9218750858899503,0.3238434792517981,0.5394131000806442,1.3737155909848573,-0.2281560883454208,1.8099267950352884,1.9685099596613962,2.3887627542378747,2.873507460590036,-1.262308408297891,1.2988283249301638,2.6672281800910014,-0.17435341836625884,1.3350010541839938,-0.03666399822163347,-0.5175145855147302,0.2546421888022837,1.0986122886681098,-0.5108255840295616,-0.07257068514391356,-0.605136296250607,0.6856189213457606,2.3282528620507943,0.40145705862383135,2.600974851744569,1.4816045625986316
2022-06-13,0.6418538736240484,0.6667962665791836,-0.7246378663508127,-1.5050778842223669,0.8993479886405432,0.322451680970993,0.5306282791114146,1.3655813151409968,-0.23067178050086623,1.7715567813732764,1.9459101490553132,2.3702437236421723,2.864725853865576,-1.2694006512231621,1.2809338189711108,2.6447553453112924,-0.1851255197029877,1.3307816300192716,-0.04082201687199717,-0.5175145855147302,0.24294615991089288,1.0986122886681098,-0.5191938253520891,-0.08566679860089434,-0.6180397549606538,0.6830968543395177,2.312535461616493,0.39204210066351436,2.589594861367448,1.4747629829196454
2022-06-14,0.6259384334164266,0.6718340135588268,-0.728359956467913,-1.532476845358914,0.8796267831169565,0.31124709144465956,0.5306282791114146,1.3548036753290231,-0.24590053172939794,1.76644164494164,1.8931119433807513,2.3570733180145447,2.862518431300213,-1.2658481894439926,1.2655381815056548,2.6026896854443837,-0.21072102837221335,1.3110318869015465,-0.05129330693589688,-0.5276327865332945,0.2390168854520066,1.0851892812234596,-0.5208759901242266,-0.10536054214877988,-0.6254884830654893,0.6754922623077898,2.299580610756977,0.39204210066351436,2.5852937810105936,1.4724720879835123
2022-06-15,0.6178847063416013,0.6698219348041627,-0.7308490482391148,-1.5050778842223669,0.8628899068597314,0.3084261956152978,0.5335651359057697,1.3386784786730166,-0.2281560883454208,1.7369512025109861,1.90210749792903,2.3589654192190053,2.8614128900565157,-1.276543446742507,1.249901738946927,2.598235303873522,-0.21072102837221335,1.3190856139763718,-0.10536054214877988,-0.5481813946351819,0.2350721108710924,1.0986122886681098,-0.529329117998531,-0.1165338323291143,-0.6367668768698234,0.6805684104249119,2.286455726571061,0.3784364618483082,2.5881632224087157,1.4724720879835123
2022-06-16,0.5988365299085318,0.6566438670148883,-0.7314722749638518,-1.5050778842223669,0.8662598070914811,0.31124709144465956,0.5007752734628783,1.3297240020626526,-0.2256467090191824,1.722766580711205,1.8931119433807513,2.35327825082322,2.8614128900565157,-1.2801341755829494,1.249901738946927,2.6071243134574336,-0.22064668835786408,1.3174800364358332,-0.10536054214877988,-0.5621189307018876,0.21511138730786739,1.111857502869784,-0.5412848017556177,-0.06187540625445534,-0.644357061803577,0.6805684104249119,2.2854389263977377,0.37294193150901556,2.5824160822187445,1.4724720879835123
2022-06-17,0.6070445022950743,0.65562293503918,-0.7550225868144006,-1.5417792567185997,0.8535639230864054,0.31124709144465956,0.43825490016746715,1.323886873583922,-0.23067178050086623,1.702928213830758,1.905088123313577,2.3551775394939587,2.8636228605085514,-1.2801341755829494,1.2412686000947695,2.630448963323681,-0.22064668835786408,1.309413315754047,-0.10536054214877988,-0.5942072577562696,0.18647960255701124,1.1052568250710544,-0.5481813946351819,-0.07267823565109414,-0.6616485661744478,0.6805684104249119,2.287471493911888,0.3688011098865309,2.5809741214219684,1.463255441992448
2022-06-20,0.6124792929993899,0.6360245849638702,-0.7554482165011236,-1.53711723422062,0.8363813866605998,0.3140600521995126,0.5158131368091393,1.335527256106313,-0.24590053172939794,1.693779071386318,1.8870696345827689,2.3418057694675447,2.873507460590036,-1.2801341755829494,1.236923885087624,2.6447553453112924,-0.2281560883454208,1.2939049322231968,-0.08338159079850715,-0.5942072577562696,0.18232159653038368,1.0986122886681098,-0.5551258810011171,-0.08479567371178685,-0.6616485661744478,0.6780335572728562,2.290512523342865,0.3743183764877394,2.5937610632532153,1.463255441992448
2022-06-21,0.6097655897614381,0.6566438670148883,-0.772190361065407,-1.5095925736885243,0.8458682348334261,0.3098377256591927,0.5158131368091393,1.3418198645372634,-0.23572230635945995,1.6770965430822269,1.8870696345827689,2.3223877015907286,2.866928631401629,-1.287354438316215,1.2340169090162458,2.634762375230749,-0.22439430218265607,1.291159189079732,-0.074723574970593,-0.6161860996873879,0.13976192164310813,1.0986122886681098,-0.5499129744592908,-0.0921152883849579,-0.6655320163100682,0.6703902153889116,2.299580610756977,0.3784364618483082,2.589266642201148,1.4562867240478574
2022-06-22,0.5960854992432373,0.6515288142194615,-0.7657178657038589,-1.5141277380483795,0.8415671569035621,0.3140600521995126,0.5306282791114146,1.3407738528047064,-0.24079846956636522,1.6677068565457855,1.8870696345827689,2.312535461616493,2.862518431300213,-1.2837377366446898,1.226712316465715,2.62756296121466,-0.23572230635945995,1.2725655770920512,-0.07257068514391356,-0.605136296250607,0.14841997634361676,1.0647107698777492,-0.5798184909954676,-0.10536054214877988,-0.6674794115031967,0.6678293970288427,2.297572532001168,0.37156358931780376,2.552565310145607,1.4492692140094081
2022-06-23,0.5988365299085318,,-0.7659329782865758,,,,,,-0.23572230635945995,,,,2.862518431300213,-1.3093332802473332,,,,1.252762968495368,,-0.6014800320605991,0.17395335520785618,1.0986122886681098,-0.5887871523482119,,,0.6678293970288427,,,,1.4562867240478574
2022-06-27,0.6151856519777241,0.6463874006259706,-0.7659329782865758,-1.5606477794861495,0.8329091022030535,0.3193707452249305,0.5306282791114146,1.3584091845980089,-0.23067178050086623,1.6900958295279285,1.8718021769015913,2.33408373048212,2.859198024815746,-1.3056364660203963,1.22377545967136,2.6376277040614813,-0.24079846956636522,1.2427126078711048,-0.1075852085559412,-0.605136296250607,0.14841997634361676,1.0986122886681098,-0.5996567923077035,-0.11642146044583414,-0.6616485661744478,0.6575199757395465,2.299580610756977,0.3548733213233284,2.5572272817963295,1.4562867240478574
2022-06-28,0.6124792929993899,0.6412194162284132,-0.7659329782865758,-1.5654209967872197,0.8346466997858448,0.3207821450775639,0.5335651359057697,1.3676211259754139,-0.2281560883454208,1.693779071386318,1.8718021769015913,2.3418057694675447,2.859198024815746,-1.3167682735618769,1.2296405733826847,2.6376277040614813,-0.23067178050086623,1.252762968495368,-0.1075852085559412,-0.634878326417536,0.14841997634361676,1.0986122886681098,-0.5887871523482119,-0.11541088201606223,-0.6635884060953231,0.6549259429689858,2.300583044455268,0.3506568413910955,2.5572272817963295,1.4398350783303009
2022-06-29,0.6097655897614381,0.6412194162284132,-0.759500664090987,-1.5702171786484422,0.8363813866605998,0.3221915556879398,0.5247285627932413,1.3676211259754139,-0.23067178050086623,1.693779071386318,1.8870696345827689,2.302585092994046,2.859198024815746,-1.3394107961509156,1.262713323628787,2.6390573296152584,-0.23067178050086623,1.2725655770920512,-0.10536054214877988,-0.605136296250607,0.16551439402665089,1.0986122886681098,-0.5942072577562696,-0.10536054214877988,-0.6635884060953231,0.6575199757395465,2.302585092994046,0.3407488062759638,2.5756610391845274,1.4398350783303009
2022-06-30,0.6124792929993899,0.6515288142194615,-0.7765287713584524,-1.5847453085663599,0.8398415531223252,0.3221915556879398,0.5423243074592159,1.3701650068116713,-0.23825720485746377,1.6919391023323302,1.8687205133076226,2.3164880320212964,2.855866446808123,-1.3470736846463913,1.3137236759759772,2.6333266603871603,-0.23067178050086623,1.2781521785919174,-0.10981483514051602,-0.605136296250607,0.16551439402665089,1.0986122886681098,-0.5923973257471106,-0.1165338323291143,-0.6655320163100682,0.660107296910448,2.306577110464084,0.3478360013330173,2.5877640495686753,1.4327007475904805
2022-07-01,0.6124792929993899,0.6515288142194615,-0.7724068706301563,-1.5945493287150063,0.8424288947756484,0.3221915556879398,0.5423243074592159,1.3711807378328014,-0.19845094744646924,1.6919391023323302,1.8718021769015913,2.308567206382994,2.855866446808123,-1.3509272043951086,1.3164082387692593,2.6144718429722276,-0.2446225927351329,1.2781521785919174,-0.1075852085559412,-0.6198967418645278,0.16974272629978618,1.0986122886681098,-0.5942072577562696,-0.0944205650335918,-0.6655320163100682,0.6626880025703182,2.312535461616493,0.3435896807173099,2.572612259326932,1.430311205469349
2022-07-04,0.6097655897614381,0.6505025818556753,-0.773923493068606,-1.5847453085663599,0.8586615745865962,0.3221915556879398,0.5306282791114146,1.3711807378328014,-0.21072102837221335,1.6770965430822269,1.8840347337424013,2.302585092994046,2.8745998262247143,-1.3547957467343932,1.3164082387692593,2.6026896854443837,-0.23572230635945995,1.2725655770920512,-0.12783337692848898,-0.653926504086446,0.16974272629978618,1.0986122886681098,-0.5996567923077035,-0.09563022450910937,-0.6635884060953231,0.660107296910448,2.3105532550743786,0.3464225917546321,2.583242533221714,1.4469189829363254
2022-07-05,0.6124792929993899,0.6463874006259706,-0.7747911867781831,-1.5896353038374171,0.8628899068597314,0.32920913680280256,0.5335651359057697,1.3676211259754139,-0.2131931856424874,1.682688395445239,1.8840347337424013,2.296566978453522,2.8680280948938073,-1.3470736846463913,1.2864739942241659,2.5907670519258503,-0.2281560883454208,1.2725655770920512,-0.13467488859593435,-0.605136296250607,0.16974272629978618,1.111857502869784,-0.6161860996873879,-0.09541020736131173,-0.6772737994893577,0.6575199757395465,2.304583141341715,0.34217025231724657,2.58475200201879,1.4445632152622998
2022-07-06,,0.6318492019350809,,-1.599487546762378,0.8586615745865962,0.3347879926273457,0.5306282791114146,1.368639442867735,,1.6677068565457855,1.8840347337424013,2.290512523342865,,,1.2859213954080337,2.5922651424106884,-0.23825720485746377,,-0.0943106506514135,,,,,-0.10536054214877988,-0.6616485661744478,,2.298577075426524,0.3378997532407398,2.583242533221714,
2022-07-07,0.6124792929993899,0.6463874006259706,-0.7859205586335994,-1.6094378975329393,0.8712934098363785,0.33617781445766465,0.5247285627932413,1.368639442867735,-0.2256467090191824,1.673351223863692,1.8870696345827689,2.2884861337947915,2.873507460590036,-1.3509272043951086,1.2853684251232638,2.604170104473077,-0.2281560883454208,1.252762968495368,-0.1165338323291143,-0.605136296250607,0.17395335520785618,1.111857502869784,-0.6069694536963236,-0.1165338323291143,-0.6597123666587696,0.660107296910448,2.3015845697493673,0.34217025231724657,2.583242533221714,1.4469189829363254
2022-07-08,0.6124792929993899,0.6463874006259706,-0.7861400617477164,-1.6094378975329393,0.8787965242782214,0.33617781445766465,0.5276827717775974,1.3742217552715572,-0.22064668835786408,1.66581823865906,1.8870696345827689,2.2844210912894107,2.8680280948938073,-1.3470736846463913,1.2764795259793746,2.6071243134574336,-0.23067178050086623,1.2556160347607537,-0.12783337692848898,-0.5978369790812044,0.16551439402665089,1.1052568250710544,-0.5942072577562696,-0.11698337917759367,-0.6674794115031967,0.660107296910448,2.304583141341715,0.34217025231724657,2.5862591239406965,1.4492692140094081
2022-07-11,0.6070445022950743,0.6318492019350809,-0.7985077227087252,-1.611941070139073,0.8779655755369096,0.33895176163128354,0.5187937621936864,1.3706729710143883,-0.2008929196451003,1.6563214546532101,1.890095352661769,2.282382405139267,2.864725853865576,-1.3547957467343932,1.2736853836494866,2.605648264666775,-0.2319320789943734,1.2415575547334512,-0.12783337692848898,-0.5978369790812044,0.17395335520785618,1.0919233069178118,-0.6014800320605991,-0.12783337692848898,-0.6753072558739324,0.660107296910448,2.3015845697493673,0.3407488062759638,2.5907670519258503,1.4655675243945496
2022-07-12,0.5877866384111654,0.625553319640196,-0.8007323891158865,-1.6607312193699972,0.8628899068597314,0.341717950598974,0.5187937621936864,1.368639442867735,-0.2256467090191824,1.6331544166996743,1.890095352661769,2.274185645944447,2.855866446808123,-1.3547957467343932,1.252762968495368,2.5952546784889754,-0.23825720485746377,1.2524772340998258,-0.15082287310072942,-0.5978369790812044,0.15700371212988268,1.0851892812234596,-0.6124892854604511,-0.13353139262452263,-0.6812186445622114,0.660107296910448,2.302585092994046,0.3393253368493586,2.5877640495686753,1.4861397133506802
2022-07-13,0.5877866384111654,0.6245000669258952,-0.7947370319934131,-1.6398970904237273,0.854415287574181,0.348453913915778,0.5187937621936864,1.3732091099764105,-0.23825720485746377,1.6292405210307834,1.8961194616412027,2.2679936324285785,2.855866446808123,-1.3547957467343932,1.2331431588397908,2.601207071525431,-0.25747622792725244,1.248181049683446,-0.1165338323291143,-0.6088059777807845,0.16551439402665089,1.0851892812234596,-0.634878326417536,-0.12794703860872741,-0.697155210096271,0.660107296910448,2.296566978453522,0.3393253368493586,2.5937610632532153,1.4770487505164178
2022-07-14,0.576613348230831,0.625553319640196,-0.7942943507468545,-1.6660082872597632,0.850150892689828,0.35542265334465767,0.5007752734628783,1.374727723783656,-0.24590053172939794,1.623340851461351,1.8961194616412027,2.260720904806493,2.854753522899997,-1.3586791968700136,1.226712316465715,2.601207071525431,-0.2484613959782817,1.2412686000947695,-0.1625189014485307,-0.6236210930019316,0.16551439402665089,1.0851892812234596,-0.6635884060953231,-0.15082287310072942,-0.7052197864082786,0.660107296910448,2.2894998418505654,0.3407488062759638,2.5907670519258503,1.490654389331624
2022-07-15,0.5822155985415055,0.625553319640196,-0.7960662527491196,-1.6686572613431012,0.8467262758493684,0.35819654134489093,0.5128236007308525,1.3782621730794171,-0.2561834195619897,1.6094379124341003,1.8961194616412027,2.2438961290075907,2.855866446808123,-1.3586791968700136,1.2354714880191613,2.598235303873522,-0.2484613959782817,1.2412686000947695,-0.1625189014485307,-0.5762534706632169,0.25075869237161774,1.0851892812234596,-0.6500876627815833,-0.14629825088340193,-0.7031975067803728,0.6575199757395465,2.291524180348751,0.3407488062759638,2.5937610632532153,1.4861397133506802
2022-07-18,0.5960854992432373,0.6245000669258952,-0.8031852919435992,-1.6873994410163216,0.8527117315317871,0.35819654134489093,0.49774037262251064,1.3837912332919333,-0.2561834195619897,1.5993875380483025,1.8961194616412027,2.226783428958957,2.8614128900565157,-1.3625777870051243,1.2470322992672698,2.6026896854443837,-0.2420715277907563,1.2441546022037906,-0.15082287310072942,-0.605136296250607,0.24686005557978374,1.0851892812234596,-0.6217571835853074,-0.12239362913626918,-0.6981597175911564,0.660107296910448,2.296566978453522,0.3378997532407398,2.5922651424106884,1.4929040533163809
2022-07-19,0.604315990304337,0.6202762480301879,-0.7973971765306553,-1.7429693220885216,0.850150892689828,0.35958060525025193,0.5158131368091393,1.380779161732284,-0.25102875848115286,1.601405748427758,1.8961194616412027,2.207174924975734,2.862518431300213,-1.3684544364338778,1.2319769929458948,2.598235303873522,-0.23572230635945995,1.2412686000947695,-0.17435341836625884,-0.6124892854604511,0.24686005557978374,1.0851892812234596,-0.6273594784189426,-0.14502576102512119,-0.6991652351360368,0.660107296910448,2.292534718608248,0.34217025231724657,2.58475200201879,1.508511989624342
2022-07-20,0.6151856519777241,0.6202762480301879,-0.8029620157004613,-1.7147983883554976,0.8637334722902703,0.35958060525025193,0.5187937621936864,1.3847932244874466,-0.2484613959782817,1.6389967331935924,1.8870696345827689,2.221375066530412,2.8636228605085514,-1.3664917525232074,1.2337257669187285,2.601207071525431,-0.23067178050086623,1.22377545967136,-0.17435341836625884,-0.6124892854604511,0.25075869237161774,1.0851892812234596,-0.6198967418645278,-0.12794703860872741,-0.702187928580268,0.6626880025703182,2.292534718608248,0.3378997532407398,2.581730854622391,1.5518087551465416
2022-07-21,0.6178847063416013,0.5988850639400836,-0.8128320258707622,-1.7316055403468187,0.8704562003226889,0.360962756170108,0.5128236007308525,1.3987169282134746,-0.25360272930383676,1.6389967331935924,1.8870696345827689,2.2235418608828312,2.862518431300213,-1.3586791968700136,1.2354714880191613,2.5997223270506806,-0.2181559848937672,1.2059707812907978,-0.19845094744646924,-0.5869869950230042,0.2390168854520066,1.0851892812234596,-0.6143359842704637,-0.128629144549431,-0.6891552105836493,0.6626880025703182,2.298577075426524,0.34217025231724657,2.578700552228821,1.5432980732497732
2022-07-22,0.6205764954160318,0.6096378203412681,-0.8128320258707622,-1.7778565654698244,0.8671005357678014,0.360962756170108,0.5187937621936864,1.3952540467264605,-0.24079846956636522,1.6639261374545993,1.8961194616412027,2.218115890707453,2.862518431300213,-1.3547957467343932,1.2325602806405895,2.6026896854443837,-0.19845094744646924,1.2035727294564984,-0.1625189014485307,-0.5905905560847444,0.24294615991089288,1.0851892812234596,-0.5942072577562696,-0.14502576102512119,-0.6772737994893577,0.6652620040380635,2.297572532001168,0.34217025231724657,2.5802168151427143,1.5390154153933715
2022-07-25,0.6124792929993899,0.6096378203412681,-0.8128320258707622,-1.8140050628171227,0.8687797756051604,0.36234308236008916,0.5128236007308525,1.3912818978862813,-0.25102875848115286,1.6677068565457855,1.90210749792903,2.2353763840994962,2.859198024815746,-1.3664917525232074,1.2290555796711236,2.5967461372286285,-0.1911605354799636,1.1939224540228235,-0.1625189014485307,-0.6088059777807845,0.24686005557978374,1.0851892812234596,-0.5481813946351819,-0.11664614986221694,-0.6812186445622114,0.6678293970288427,2.3015845697493673,0.3364722195913143,2.5756610391845274,1.5518087551465416
2022-07-26,0.6286086594223741,0.6042758622201774,-0.8200718641724364,-1.8388511119998723,0.8704562003226889,0.36234308236008916,0.5128236007308525,1.3957495463422362,-0.2484613959782817,1.6808278872096152,1.90210749792903,2.2321625959533167,2.855866446808123,-1.3664917525232074,1.2208299523375428,2.5937610632532153,-0.19479906150278598,1.1860124573936897,-0.1625189014485307,-0.6124892854604511,0.24686005557978374,1.1249295722147212,-0.5851900724420155,-0.12783337692848898,-0.6851789948269755,0.6626880025703182,2.3015845697493673,0.3364722195913143,2.572612259326932,1.5665304034589465
2022-07-27,0.63127177430549,0.6096378203412681,-0.8153148253101339,-1.8515094402248566,0.8712934098363785,0.35958060525025193,0.5098251005213122,1.4031514388015327,-0.2561834195619897,1.6486585889075995,1.899117961850743,2.225704073375349,2.856978243055499,-1.3664917525232074,1.2220091825473798,2.5922651424106884,-0.21940059828927488,1.1789626190273208,-0.17435341836625884,-0.6124892854604511,0.24686005557978374,1.1249295722147212,-0.5798184909954676,-0.12647064641335523,-0.6733445719632621,0.6652620040380635,2.298577075426524,0.3378997532407398,2.5695541559782002,1.55814461804655
2022-07-28,0.6678293970288427,0.6412194162284132,-0.8153148253101339,-1.8578992511002232,0.8787965242782214,0.35542265334465767,0.5007752734628783,1.4293538788982527,-0.2613647889051693,1.6582280766035324,1.899117961850743,2.2353763840994962,2.8603060160404765,-1.3625777870051243,1.22377545967136,2.598235303873522,-0.22189433310438247,1.1927096132045971,-0.16723590077588296,-0.5905905560847444,0.24686005557978374,1.1052568250710544,-0.5727010088840473,-0.11093158201843982,-0.6597123666587696,0.6652620040380635,2.3015845697493673,0.33504264517595944,2.5680215535731254,1.5727739636769018
2022-07-29,0.6678293970288427,0.6576637577514416,-0.8123812632188799,-1.8971199451494523,0.8837675716950182,0.35681055915129567,0.49774037262251064,1.4317455930396443,-0.2613647889051693,1.678963999992114,1.90210749792903,2.2343062685777846,2.862518431300213,-1.3664917525232074,1.2243634793966374,2.5952546784889754,-0.22439430218265607,1.1942254886952344,-0.18632959829908466,-0.5905905560847444,0.24294615991089288,1.1052568250710544,-0.5603661043999639,-0.10881090787845081,-0.6462636155909703,0.6652620040380635,2.3015845697493673,0.3364722195913143,2.55877650425956,1.5665304034589465
2022-08-01,0.6626880025703182,0.644323410727125,-0.8031852919435992,-1.8971199451494523,0.8771340349213048,0.35819654134489093,0.5068175822608606,1.42791605410662,-0.2613647889051693,1.6467337082029339,1.899117961850743,2.226783428958957,2.862518431300213,-1.3625777870051243,1.2296405733826847,2.5937610632532153,-0.2331938925863153,1.2089603173690846,-0.1625189014485307,-0.5905905560847444,0.2390168854520066,1.1249295722147212,-0.5516476613340457,-0.1142891244847249,-0.634878326417536,0.6652620040380635,2.2935443329445313,0.3378997532407398,2.555675729561372,1.55814461804655
2022-08-02,0.6626880025703182,0.6617329506438188,-0.8184836688443918,-1.8611095810940947,0.8771340349213048,0.35542265334465767,0.49774037262251064,1.4245531062805563,-0.2613647889051693,1.6272778605404055,1.905088123313577,2.233235006681981,2.866928631401629,-1.3664917525232074,1.226712316465715,2.5922651424106884,-0.2256467090191824,1.2083631674393747,-0.18632959829908466,-0.5905905560847444,0.24294615991089288,1.1249295722147212,-0.5586162409189821,-0.12783337692848898,-0.644357061803577,0.6652620040380635,2.291524180348751,0.3364722195913143,2.532108245207593,1.55814461804655
2022-08-03,0.6523251636879481,0.6667962665791836,-0.8153148253101339,-1.8643301543719686,0.8738006420425452,0.36784508257168064,0.5068175822608606,1.4398350783303009,-0.2639655371421209,1.6174060745144334,1.905088123313577,2.2353763840994962,2.8789571807374656,-1.370420980049303,1.2261256067283972,2.5952546784889754,-0.2256467090191824,1.207765589453748,-0.18632959829908466,-0.5978369790812044,0.24294615991089288,1.1249295722147212,-0.5464528079975655,-0.11878352310247631,-0.644357061803577,0.6626880025703182,2.2894998418505654,0.3336110241514665,2.541601978446052,1.5539252065362912
2022-08-04,0.6523251636879481,0.6617329506438188,-0.8153148253101339,-1.8578992511002232,0.8763017030120528,0.36784508257168064,0.49469623311347605,1.4558204486779043,-0.2639655371421209,1.601405748427758,1.905088123313577,2.236445253809719,2.883295524338078,-1.378326175386921,1.2406903712654045,2.5967461372286285,-0.22314353641304868,1.22377545967136,-0.19845094744646924,-0.5978369790812044,0.20701418489122547,1.0986122886681098,-0.5276327865332945,-0.10536054214877988,-0.6405547114396737,0.6652620040380635,2.300583044455268,0.3336110241514665,2.541601978446052,1.5623463009016154
2022-08-05,0.649717602712519,0.6627476054370495,-0.8036319274747735,-1.8515094402248566,0.875468777090329,0.39624464786491276,0.5038009915418783,1.4793291966737756,-0.258770709809755,1.6193882810565476,1.905088123313577,2.254444689646298,2.88976811182387,-1.378326175386921,1.2406903712654045,2.5967461372286285,-0.2119563430623488,1.2296405733826847,-0.21072102837221335,-0.5978369790812044,0.2311117133945428,1.0986122886681098,-0.5310283318944576,0.02955877446462218,-0.634878326417536,0.6678293970288427,2.302585092994046,0.3364722195913143,2.5463152958540918,1.5623463009016154
2022-08-08,0.649717602712519,0.6627476054370495,-0.8056442263013828,-1.8838747902909985,0.875468777090329,0.3949104435922023,0.48242615218773194,1.5009614497037134,-0.2613647889051693,1.6074358638953228,1.890095352661769,2.3223877015907286,2.9057683707042434,-1.370420980049303,1.248181049683446,2.598235303873522,-0.21072102837221335,1.22377545967136,-0.21072102837221335,-0.5978369790812044,0.19474410426461106,1.0986122886681098,-0.5225608888296203,-0.0377018676791695,-0.6254884830654893,0.6805684104249119,2.300583044455268,0.34217025231724657,2.541601978446052,1.5665304034589465
2022-08-09,0.6418538736240484,0.6637613545137343,-0.8141855342319751,-1.8451601999313316,0.8804562543509222,0.38282165463041523,0.5038009915418783,1.5238800573160023,-0.27443685825010666,1.6094379124341003,1.9344157806547146,2.394252285000433,2.9141983384339034,-1.3625777870051243,1.252762968495368,2.6173958189118265,-0.1911605354799636,1.22377545967136,-0.21072102837221335,-0.6014800320605991,0.2390168854520066,1.111857502869784,-0.5058381067689683,-0.00521359562093634,-0.6180397549606538,0.6780335572728562,2.3015845697493673,0.3407488062759638,2.541601978446052,1.5686159576502743
2022-08-10,0.649717602712519,0.6566438670148883,-0.8087825250153353,-1.8201589408063137,0.8804562543509222,0.39624464786491276,0.5007752734628783,1.5802150427593054,-0.27443685825010666,1.6094379124341003,1.9315214254245805,2.4388627146152997,2.925674807528582,-1.3547957467343932,1.2595966880478546,2.630448963323681,-0.17435341836625884,1.2089603173690846,-0.21072102837221335,-0.5905905560847444,0.2311117133945428,1.1052568250710544,-0.4959369666421622,0.01980260859668314,-0.6106459906617153,0.6729444927051669,2.3105532550743786,0.3784364618483082,2.5400259730765704,1.5789786852860037
2022-08-11,0.6549259429689858,0.6566438670148883,-0.8110301931043008,-1.8325814861000522,0.9313764113771137,0.3975770744081728,0.5068175822608606,1.5238800573160023,-0.28236290022321064,1.6351056814908491,1.9572738969296473,2.423031222397146,2.942136067047529,-1.3509272043951086,1.2770373656089657,2.6333266603871603,-0.1289703720748535,1.2205348746151305,-0.22314353641304868,-0.5905905560847444,0.2390168854520066,1.0851892812234596,-0.48288628135302736,-0.020202687854778488,-0.5960204715600289,0.6780335572728562,2.3223877015907286,0.40145705862383135,2.5400259730765704,1.5706970722215243
2022-08-12,0.6523251636879481,0.6566438670148883,-0.8099057275584712,-1.8515094402248566,0.9274285223084495,0.4081732108043936,0.5068175822608606,1.5316925481414463,-0.2876820724517809,1.6486585889075995,1.9459101490553132,2.4194788241023923,2.934967547166289,-1.3528595472187148,1.2875784081805253,2.630448963323681,-0.12783337692848898,1.22377545967136,-0.22314353641304868,-0.5762534706632169,0.2350721108710924,1.0851892812234596,-0.48450832086722134,-0.020202687854778488,-0.605136296250607,0.6754922623077898,2.3184584271318425,0.39204210066351436,2.541601978446052,1.5769147522549636
2022-08-15,,0.6627476054370495,,-1.8294613059598497,0.9462377986165124,0.4094898482303855,0.5007752734628783,1.5644405903963239,,1.6956155736779295,1.9629077093507217,2.40694514268493,,,1.3121094593356188,2.6318888126927806,-0.10536054214877988,,-0.21072102837221335,,,,,-0.02942879448522399,-0.5978369790812044,,2.3184584271318425,0.3811724064192834,2.5478814280551156,
2022-08-16,0.647103224582831,0.6586826093705767,-0.8051966913024419,-1.7719568314134087,0.943905872931563,0.4068548375585938,0.5098251005213122,1.5661128100038977,-0.2930296896446386,1.754403718983308,1.951608164751347,2.3924257586376463,2.940093142372247,-1.3664917525232074,1.3001916828550197,2.624668605984526,-0.07257068514391356,1.2781521785919174,-0.22314353641304868,-0.5833962661825616,0.24686005557978374,1.0986122886681098,-0.4893903827175334,-0.02347333109408846,-0.605136296250607,0.6805684104249119,2.3145136525509282,0.3784364618483082,2.5649493574615367,1.5851452433160633
2022-08-17,0.6339278158406939,0.6607172652804773,-0.8096810128890596,-1.7749023915464128,0.9186878732183577,0.4081732108043936,0.49774037262251064,1.5547705546054482,-0.28501898927326397,1.7578579504376943,1.951608164751347,2.3887627542378747,2.940093142372247,-1.3664917525232074,1.2725655770920512,2.613006677585606,-0.06720874714351872,1.2781521785919174,-0.22314353641304868,-0.5621189307018876,0.2546421888022837,1.0919233069178118,-0.5091603261985859,-0.0273712070875815,-0.6180397549606538,0.6780335572728562,2.3105532550743786,0.37156358931780376,2.5802168151427143,1.589235224579322
2022-08-18,0.6259384334164266,0.6607172652804773,-0.810130559737539,-1.7808194924010978,0.9122827143066335,0.39624464786491276,0.5068175822608606,1.5526558934900305,-0.2903522665835875,1.7404661413782472,1.9459101490553132,2.3813962452135495,2.9390701632856793,-1.370420980049303,1.2795439991313493,2.61885464176048,-0.06720874714351872,1.1917989981813095,-0.22314353641304868,-0.5551258810011171,0.2546421888022837,1.111857502869784,-0.5108255840295616,-0.02572813105706316,-0.6273594784189426,0.6729444927051669,2.3105532550743786,0.36464315332433833,2.5877640495686753,1.5748464518686334
2022-08-19,0.6232610582093141,0.652553870362021,-0.810130559737539,-1.7837913130608811,0.9082585678678127,0.3949104435922023,0.5068175822608606,1.5321247623483383,-0.2930296896446386,1.7404661413782472,1.9315214254245805,2.3702437236421723,2.9380461366411788,-1.378326175386921,1.2697605287907763,2.6100698207912507,-0.08338159079850715,1.1969481721018236,-0.22314353641304868,-0.5656338275204067,0.25075869237161774,1.0986122886681098,-0.529329117998531,-0.05129330693589688,-0.644357061803577,0.6729444927051669,2.3105532550743786,0.37018326235001087,2.5877640495686753,1.5706970722215243
2022-08-22,0.6205764954160318,0.6494753575224087,-0.8092316680421434,-1.795767528686392,0.8796267831169565,0.39624464786491276,0.5007752734628783,1.49872975295042,-0.3065251583096311,1.6770965430822269,1.9315214254245805,2.3513752571634776,2.9318795523581227,-1.3743658251221567,1.2470322992672698,2.5937610632532153,-0.12329821256863377,1.1875385112412908,-0.23067178050086623,-0.5833962661825616,0.1906203911350729,1.0986122886681098,-0.5551258810011171,-0.07257068514391356,-0.6558514077601465,0.6754922623077898,2.3015845697493673,0.36186146332072777,2.583242533221714,1.55814461804655
2022-08-23,0.6205764954160318,0.6223904195445746,-0.815766912543116,-1.8018097653451275,0.8771340349213048,0.4028891773039414,0.5007752734628783,1.507183664874042,-0.30381148733382646,1.6919391023323302,1.9315214254245805,2.3551775394939587,2.9380461366411788,-1.3823023911435945,1.2484680141108584,2.5877640495686753,-0.13010866145085329,1.19240619110893,-0.23067178050086623,-0.5798184909954676,0.20701418489122547,1.1052568250710544,-0.5447272042163286,-0.056781993709250175,-0.653926504086446,0.6729444927051669,2.297572532001168,0.35627484521789604,2.5862591239406965,1.5602477163277468
2022-08-24,0.6232610582093141,0.6391447209505056,-0.8119307036624216,-1.8078888235362744,0.8796267831169565,0.4028891773039414,0.5007752734628783,1.51028031394189,-0.3011050798964309,1.6919391023323302,1.9315214254245805,2.347558462283715,2.9431560166936013,-1.378326175386921,1.254190553137314,2.5877640495686753,-0.12783337692848898,1.1908875531824559,-0.22314353641304868,-0.5798184909954676,0.1988508821961727,1.1314020807274126,-0.5208759901242266,-0.07257068514391356,-0.6597123666587696,0.6729444927051669,2.297572532001168,0.3506568413910955,2.5771819143023467,1.5623463009016154
2022-08-25,0.6286086594223741,0.6360245849638702,-0.8126066527303164,-1.8294613059598497,0.8763017030120528,0.3949104435922023,0.49469623311347605,1.5155667068803493,-0.28236290022321064,1.6974487967434386,1.9315214254245805,2.3263015972596195,2.949253464883161,-1.378326175386921,1.2427126078711048,2.5907670519258503,-0.1415635978322329,1.1804994610277846,-0.22314353641304868,-0.5798184909954676,0.1906203911350729,1.1314020807274126,-0.5225608888296203,-0.07796152858222118,-0.6597123666587696,0.6754922623077898,2.3015845697493673,0.3506568413910955,2.5756610391845274,1.5560370874196767
2022-08-26,0.63127177430549,0.625553319640196,-0.8135085174391066,-1.8018097653451275,0.8804562543509222,0.40156381466141355,0.5007752734628783,1.516005945862424,-0.2876820724517809,1.684545360150144,1.9315214254245805,2.3243466109036217,2.948239818555109,-1.3823023911435945,1.2441546022037906,2.598235303873522,-0.14618248423902339,1.1817271924532349,-0.22314353641304868,-0.5978369790812044,0.21913553374668826,1.1314020807274126,-0.5327304380334853,-0.08349031039535396,-0.6635884060953231,0.6729444927051669,2.296566978453522,0.35627484521789604,2.5695541559782002,1.55814461804655
2022-08-29,0.6178847063416013,0.6042758622201774,-0.8198448536319812,-1.817077313892127,0.8578138191017445,0.4028891773039414,0.47933496257972397,1.4929040533163809,-0.3011050798964309,1.6714733356207285,1.9430489195068723,2.3223877015907286,2.9298156466892618,-1.3823023911435945,1.2296405733826847,2.5862591239406965,-0.17435341836625884,1.1568812177849161,-0.22314353641304868,-0.5798184909954676,0.21913553374668826,1.1314020807274126,-0.5412848017556177,-0.10536054214877988,-0.6792442180200154,0.6703902153889116,2.2955605087897877,0.3506568413910955,2.5649493574615367,1.5602477163277468
2022-08-30,0.6259384334164266,0.6096378203412681,-0.818257018514044,-1.8232500935074218,0.8662598070914811,0.4028891773039414,0.48858001189328965,1.5040773967762742,-0.3011050798964309,1.6582280766035324,1.9286186685791065,2.3184584271318425,2.919431220418925,-1.3842963841550289,1.2296405733826847,2.5922651424106884,-0.1755445884284476,1.1477198700389215,-0.2484613959782817,-0.5798184909954676,0.21913553374668826,1.1314020807274126,-0.5464528079975655,-0.11093158201843982,-0.6792442180200154,0.6729444927051669,2.296566978453522,0.3435896807173099,2.554121692112525,1.5644405903963239
2022-08-31,0.6151856519777241,0.6042758622201774,-0.8198448536319812,-1.8325814861000522,0.8704562003226889,0.3989077279530678,0.48858001189328965,1.5129270036508398,-0.31471071871163714,1.6639261374545993,1.9286186685791065,2.312535461616493,2.9057683707042434,-1.3842963841550289,1.252762968495368,2.5922651424106884,-0.18032357982909283,1.1442228333291342,-0.23572230635945995,-0.6161860996873879,0.1988508821961727,1.1249295722147212,-0.5586162409189821,-0.11093158201843982,-0.6772737994893577,0.6729444927051669,2.294552928987703,0.3407488062759638,2.5494451858267326,1.5851452433160633
2022-09-01,0.6124792929993899,0.5978033950922321,-0.8130574498157106,-1.8325814861000522,0.8424288947756484,0.4028891773039414,0.47623418788153604,1.5146875448540327,-0.33687233534204925,1.6582280766035324,1.9286186685791065,2.2854389263977377,2.9131486130363355,-1.3842963841550289,1.2354714880191613,2.5877640495686753,-0.1827216316633923,1.1085626100789578,-0.2484613959782817,-0.5978369790812044,0.2311117133945428,1.118414897264793,-0.5568695381342781,-0.05192506472845222,-0.6792442180200154,0.6703902153889116,2.298577075426524,0.33504264517595944,2.538447404663274,1.5830939135953364
2022-09-02,0.601580013162518,0.5934649815204724,-0.8139597886163235,-1.870802681987112,0.8586615745865962,0.4068548375585938,0.47623418788153604,1.5151272748826083,-0.3424903391688498,1.6639261374545993,1.9459101490553132,2.296566978453522,2.9099922895397676,-1.3842963841550289,1.226712316465715,2.5922651424106884,-0.19845094744646924,1.0986122886681098,-0.2484613959782817,-0.6198967418645278,0.22314355131420976,1.1249295722147212,-0.5568695381342781,-0.0749390869728601,-0.6753072558739324,0.6729444927051669,2.292534718608248,0.3364722195913143,2.541601978446052,1.5810384653845018
2022-09-05,0.601580013162518,0.5934649815204724,-0.8209805574884342,-1.8643301543719686,0.8415671569035621,0.4055347239100259,0.47000364414689666,1.5098385522683901,-0.3652833102303097,1.6582280766035324,1.9401794798272152,2.290512523342865,2.9047096495906572,-1.3862943611198906,1.2149127104055404,2.5862591239406965,-0.2021162185571315,1.088561962447682,-0.2561834195619897,-0.6161860996873879,0.22314355131420976,1.0986122886681098,-0.5691612277379458,-0.08349031039535396,-0.6792442180200154,0.6652620040380635,2.2935443329445313,0.3506568413910955,2.541601978446052,1.5727739636769018
2022-09-06,0.5988365299085318,0.6213338284599328,-0.8209805574884342,-1.8420006804000382,0.8458682348334261,0.4028891773039414,0.47000364414689666,1.5058535733299638,-0.373966407088008,1.6486585889075995,1.9430489195068723,2.2793165129086996,2.903649806398602,-1.388296337989756,1.21342796593079,2.58475200201879,-0.19723219392332744,1.0851892812234596,-0.3011050798964309,-0.6161860996873879,0.21913553374668826,1.0986122886681098,-0.570929552055494,-0.08904982965619809,-0.6772737994893577,0.6678293970288427,2.292534718608248,0.3407488062759638,2.541601978446052,1.5727739636769018
2022-09-07,0.604315990304337,0.6149372147385077,-0.8370175548339891,-1.8388511119998723,0.8484400502689449,0.39223660230802887,0.4637340372249708,1.5116045344169113,-0.3710636848461737,1.6486585889075995,1.9459101490553132,2.287471493911888,2.9057683707042434,-1.3903023906562164,1.2119409427536318,2.589266642201148,-0.19845094744646924,1.0804483517071484,-0.3065251583096311,-0.6124892854604511,0.21511138730786739,1.0986122886681098,-0.5780343921589373,-0.1018112985623203,-0.6931471805599453,0.6652620040380635,2.291524180348751,0.3364722195913143,2.541601978446052,1.5623463009016154
2022-09-08,0.604315990304337,0.6181407004212086,-0.8370175548339891,-1.8420006804000382,0.8518589148416754,0.3949104435922023,0.4637340372249708,1.518199460417819,-0.4094731675665012,1.6563214546532101,1.9257074612005347,2.297572532001168,2.9047096495906572,-1.388296337989756,1.2119409427536318,2.5862591239406965,-0.1996711881424426,1.0619482904464763,-0.3065251583096311,-0.6236210930019316,0.21107098166302932,1.1052568250710544,-0.570929552055494,-0.0943106506514135,-0.6891552105836493,0.6678293970288427,2.292534718608248,0.33504264517595944,2.543175578904807,1.5644405903963239
2022-09-09,0.6070445022950743,0.6160061839627847,-0.8379417849731596,-1.8388511119998723,0.8687797756051604,0.39624464786491276,0.4637340372249708,1.5199507517730892,-0.4094731675665012,1.6563214546532101,1.90210749792903,2.312535461616493,2.9110454354936532,-1.406497048974669,1.226712316465715,2.5877640495686753,-0.19845094744646924,1.0660891120689608,-0.3065251583096311,-0.6236210930019316,0.20701418489122547,1.1052568250710544,-0.5638748347994865,-0.09343196657167635,-0.6792442180200154,0.6652620040380635,2.292534718608248,0.3393253368493586,2.541601978446052,1.5665304034589465
2022-09-12,0.604315990304337,0.6255756398844289,-0.8439700536606747,-1.8871696438035332,0.8878912848245564,0.39624464786491276,0.4668737541742557,1.5133674033695244,-0.3886080304265223,1.6582280766035324,1.9315214254245805,2.3145136525509282,2.915247169784353,-1.410587042451994,1.2470322992672698,2.5922651424106884,-0.1996711881424426,1.0647107698777492,-0.3092462133380336,-0.634878326417536,0.19474410426461106,1.118414897264793,-0.5586162409189821,-0.08894050398050474,-0.669430606445179,0.6678293970288427,2.292534718608248,0.3506568413910955,2.543175578904807,1.5665304034589465
2022-09-13,0.6151856519777241,0.6266332395125213,-0.8458322831128676,-1.8773173762891981,0.8837675716950182,0.4028891773039414,0.4637340372249708,1.5049659323383133,-0.36816936401965955,1.6601310702632746,1.9344157806547146,2.304583141341715,2.9110454354936532,-1.4146938326981493,1.2281774818523368,2.5952546784889754,-0.2045671686666557,1.0577903338842836,-0.328504027235607,-0.6236210930019316,0.1906203911350729,1.118414897264793,-0.5586162409189821,-0.0943106506514135,-0.6812186445622114,0.6703902153889116,2.292534718608248,0.34217025231724657,2.5400259730765704,1.5644405903963239
2022-09-14,0.6097655897614381,0.6202705422006413,-0.8603830813358283,-1.8325814861000522,0.8796267831169565,0.4042127856851111,0.45742487420048533,1.5036328857644459,-0.3710636848461737,1.6448050231321292,1.913977132897488,2.306577110464084,2.9099922895397676,-1.4250351765488305,1.2252449311990588,2.5937610632532153,-0.2045671686666557,1.0543119898966447,-0.3538218437105867,-0.634878326417536,0.1988508821961727,1.111857502869784,-0.5656338275204067,-0.0850133675780367,-0.6851789948269755,0.6678293970288427,2.2955605087897877,0.3435896807173099,2.541601978446052,1.55814461804655
2022-09-15,0.6070445022950743,0.6160061839627847,-0.8439700536606747,-1.8325814861000522,0.875468777090329,0.4028891773039414,0.45742487420048533,1.5093965953552615,-0.3797973390514157,1.652497361701376,1.899117961850743,2.306577110464084,2.9131486130363355,-1.4292018576514862,1.2281774818523368,2.5907670519258503,-0.2131931856424874,1.064020844556651,-0.3340750833846234,-0.6386590006944797,0.1906203911350729,1.0986122886681098,-0.5638748347994865,-0.09299288118777115,-0.6851789948269755,0.6678293970288427,2.2955605087897877,0.3435896807173099,2.5400259730765704,1.5560370874196767
2022-09-16,0.604315990304337,0.6041844605891321,-0.8439700536606747,-1.8325814861000522,0.8721298193432676,0.4081732108043936,0.451075652769189,1.4951487745851055,-0.373966407088008,1.6563214546532101,1.9169226402313053,2.3105532550743786,2.9110454354936532,-1.4375876680557875,1.22377545967136,2.5877640495686753,-0.21691299267840927,1.064365825595986,-0.2331938925863153,-0.6386590006944797,0.18232159653038368,1.111857502869784,-0.5762534706632169,-0.06603296408428465,-0.6851789948269755,0.6678293970288427,2.2955605087897877,0.3407488062759638,2.541601978446052,1.5560370874196767
2022-09-19,0.601580013162518,0.609575290309418,-0.8439700536606747,-1.83571133881979,0.86961828930188,0.4068548375585938,0.45425530255297103,1.4756779388250487,-0.385662470293518,1.6544112817237697,1.9169226402313053,2.3105532550743786,2.9120975771843645,-1.4481697673743459,1.2178757433531866,2.5802168151427143,-0.22314353641304868,1.0577903338842836,-0.328504027235607,-0.6198967418645278,0.16126810701423566,1.111857502869784,-0.5798184909954676,-0.07796152858222118,-0.6871650671709972,0.6652620040380635,2.2955605087897877,0.34217025231724657,2.541601978446052,1.55814461804655
2022-09-20,0.601580013162518,0.609575290309418,-0.855666082008476,-1.8420006804000382,0.8586615745865962,0.4068548375585938,0.4446857845816636,1.4600094529822378,-0.3768776665484057,1.6505798630871513,1.90210749792903,2.299580610756977,2.9099922895397676,-1.4502996661863996,1.2163953243244932,2.578700552228821,-0.21940059828927488,1.0296194001512595,-0.3509769282426987,-0.634878326417536,0.16974272629978618,1.111857502869784,-0.5780343921589373,-0.08883119025560823,-0.6871650671709972,0.6678293970288427,2.292534718608248,0.34217025231724657,2.5400259730765704,1.55814461804655
2022-09-21,0.5988365299085318,0.5767854502064307,-0.862749986415097,-1.870802681987112,0.8415671569035621,0.4094898482303855,0.4446857845816636,1.435084479876259,-0.3974969519409906,1.6351056814908491,1.9169226402313053,2.291524180348751,2.906826076347306,-1.4524341748321468,1.2104517761087379,2.541601978446052,-0.23698899016714975,0.9783261550607834,-0.35667496096863105,-0.6424540227307711,0.16126810701423566,1.0919233069178118,-0.5833962661825616,-0.10258661783442968,-0.6961517106242111,0.6626880025703182,2.286455726571061,0.3378997532407398,2.533696844232807,1.5454325946587122
2022-09-22,0.5933268136642206,0.5823256113449224,-0.862986950018985,-1.8451601999313316,0.8398415531223252,0.3801152496323817,0.4187103223098387,1.4085450073622623,-0.38272564840648937,1.6193882810565476,1.90210749792903,2.2844210912894107,2.9078825603066387,-1.4567168453699229,1.1969481721018236,2.541601978446052,-0.24590053172939794,0.9839493625222816,-0.373966407088008,-0.653926504086446,0.16551439402665089,1.0851892812234596,-0.5851900724420155,-0.07817780406027998,-0.6961517106242111,0.6626880025703182,2.287471493911888,0.3364722195913143,2.533696844232807,1.5644405903963239
2022-09-23,0.5877866384111654,0.5599783228107291,-0.87947677885903,-1.8451601999313316,0.8372474997629404,0.3760418996244207,0.4187103223098387,1.4021677421904784,-0.385662470293518,1.6094379124341003,1.8779371596362369,2.272125865845949,2.8993989550890276,-1.4653375416253522,1.1969481721018236,2.5030739755952336,-0.2757534971887995,0.9741821836489737,-0.3710636848461737,-0.6772737994893577,0.16551439402665089,1.0986122886681098,-0.5923973257471106,-0.08338159079850715,-0.7072461034886239,0.6626880025703182,2.286455726571061,0.3364722195913143,2.530517194449025,1.5496879161274713
2022-09-26,0.5905605627255156,0.5767854502064307,-0.886731928475239,-1.8546992895683883,0.8381129664847088,0.3746804480937519,0.42526771670484753,1.4056066889900638,-0.3945251312812072,1.601405748427758,1.8718021769015913,2.2690283173549592,2.8961989688505567,-1.4740332660577349,1.1755733327476772,2.486571967190561,-0.2613647889051693,0.9516578425721839,-0.385662470293518,-0.653926504086446,0.15700371212988268,1.0986122886681098,-0.6014800320605991,-0.09321236706637157,-0.7133498684147238,0.6575199757395465,2.282382405139267,0.3293037368511509,2.530517194449025,1.5496879161274713
2022-09-27,0.5960854992432373,0.5254921981093974,-0.8967332189812653,-1.8578992511002232,0.8285518009080814,0.369215948008149,0.412109644511109,1.4231083572227108,-0.3915622043499338,1.601405748427758,1.8718021769015913,2.2617631382102195,2.8961989688505567,-1.485010314059256,1.1615870669352248,2.4849066497880004,-0.26918749168801376,0.9555114083476542,-0.3710636848461737,-0.6577800238351633,0.16974272629978618,1.0986122886681098,-0.5960204715600289,-0.0943106506514135,-0.7298111787815788,0.660107296910448,2.2762410941552815,0.32786387032963565,2.5209170535797867,1.5454325946587122
2022-09-28,0.5850049980319721,0.5137273269181079,-0.8996795022977963,-1.8578992511002232,0.8215403642940873,0.3784364618483082,0.3886580059557545,1.42503418760095,-0.40346713114330257,1.6134299299041386,1.8718021769015913,2.255493481461561,2.8961989688505567,-1.4961091962604067,1.1378329651416088,2.4595888255015854,-0.27049723269887044,0.9557037753044457,-0.3974969519409906,-0.6772737994893577,0.16126810701423566,1.0986122886681098,-0.6124892854604511,-0.11518640306747904,-0.7507762873350924,0.6523251636879481,2.2638442527814697,0.3191807734719373,2.5144654242526223,1.5238800573160023
2022-09-29,0.5850049980319721,0.5219772542646665,-0.9122987025306817,-1.8578992511002232,0.8188983362475285,0.3743183764877394,0.3506568413910955,1.4312677304095598,-0.3945251312812072,1.6094379124341003,1.8562980052667872,2.255493481461561,2.9099922895397676,-1.5050778842223669,1.1458138840877024,2.4932054841291187,-0.27049723269887044,0.9562803793572818,-0.4004775416877218,-0.653926504086446,0.16126810701423566,1.0986122886681098,-0.6198967418645278,-0.0943106506514135,-0.7486599116605644,0.6549259429689858,2.2669578758203524,0.323531703263294,2.5209170535797867,1.5040773967762742
2022-09-30,0.5822155985415055,0.5219772542646665,-0.9195460274651793,-1.8578992511002232,0.8188983362475285,0.3688011098865309,0.3506568413910955,1.4327007475904805,-0.3974969519409906,1.6193882810565476,1.8718021769015913,2.2512917986064953,2.9099922895397676,-1.532476845358914,1.1378329651416088,2.509599277885271,-0.2561834195619897,0.9593501811414308,-0.4004775416877218,-0.6851789948269755,0.16974272629978618,1.0986122886681098,-0.6292338691303536,-0.09464043004810342,-0.760355927703464,0.6549259429689858,2.2690283173549592,0.3264219276027027,2.517696441847303,1.5040773967762742
2022-10-03,0.5988365299085318,0.4958163908997508,-0.916290716972994,-1.8643301543719686,0.8011042886778752,0.375692929469615,0.3506568413910955,1.4202125820889606,-0.3945251312812072,1.6114359607817696,1.8718021769015913,2.249184267979622,2.9131486130363355,-1.5464631155113842,1.1249295722147212,2.5209170535797867,-0.2626643175374594,0.9516578425721839,-0.4004775416877218,-0.6772737994893577,0.16126810701423566,1.0919233069178118,-0.6217571835853074,-0.10536054214877988,-0.7711087091421664,0.660107296910448,2.2638442527814697,0.32063318781703637,2.5241273262614996,1.4793291966737756
2022-10-04,0.601580013162518,0.5125431697362782,-0.9314043854174091,-1.870802681987112,0.7884573820386862,0.37706559564880426,0.36464315332433833,1.4255150375933898,-0.385662470293518,1.6193882810565476,1.8718021769015913,2.2353763840994962,2.9120975771843645,-1.5417792567185997,1.1249295722147212,2.541601978446052,-0.25360272930383676,0.9555114083476542,-0.4004775416877218,-0.6577800238351633,0.16126810701423566,1.0851892812234596,-0.6161860996873879,-0.1142891244847249,-0.7667936991704823,0.660107296910448,2.2628041872566276,0.3220834957137716,2.532108245207593,1.4793291966737756
2022-10-05,0.6070445022950743,0.5219772542646665,-0.9301361707270951,-1.8643301543719686,0.7884573820386862,0.38253757679280387,0.3506568413910955,1.4245531062805563,-0.38272564840648937,1.6174060745144334,1.8718021769015913,2.236445253809719,2.9131486130363355,-1.5417792567185997,1.128171063132732,2.5649493574615367,-0.24334628478478798,0.9631742740932648,-0.40346713114330257,-0.6655320163100682,0.16551439402665089,1.0851892812234596,-0.6088059777807845,-0.0949702526922938,-0.7614260049762066,0.660107296910448,2.2690283173549592,0.3264219276027027,2.5241273262614996,1.4816045625986316
2022-10-06,0.6070445022950743,0.5712144246090384,-0.9255838089866381,-1.8773173762891981,0.7929925327907349,0.4054651081081644,0.36464315332433833,1.4307896393176045,-0.36816936401965955,1.621366471990983,1.8718021769015913,2.2512917986064953,2.9141983384339034,-1.5394455633999904,1.1314020807274126,2.589266642201148,-0.2420715277907563,0.9593501811414308,-0.4004775416877218,-0.6812186445622114,0.16551439402665089,1.0986122886681098,-0.6088059777807845,-0.11070810621768815,-0.7350113936086639,0.660107296910448,2.2752138491512865,0.32786387032963565,2.5352828480448486,1.4724720879835123
2022-10-07,0.5988365299085318,0.5712144246090384,-0.941608576538227,-1.8740546754543217,0.7920871033636211,0.4081281912866814,0.3852624202533859,1.435084479876259,-0.3652833102303097,1.623340851461351,1.8718021769015913,2.2793165129086996,2.915247169784353,-1.5394455633999904,1.1346226924598963,2.58475200201879,-0.2420715277907563,0.9688831783740682,-0.4064655955542572,-0.6812186445622114,0.16551439402665089,1.0986122886681098,-0.6033064931230554,-0.09982036689572468,-0.7423374017102664,0.660107296910448,2.277267285009756,0.323531703263294,2.538447404663274,1.4793291966737756
2022-10-10,0.5933268136642206,0.5599783228107291,-0.9380252000199264,-1.8740546754543217,0.7911809614683841,0.39743296012457574,0.3987761263578665,1.4581497653809048,-0.35667496096863105,1.6193882810565476,1.8718021769015913,2.2793165129086996,2.915247169784353,-1.5464631155113842,1.1314020807274126,2.583242533221714,-0.25102875848115286,0.9700210586332926,-0.40346713114330257,-0.6733445719632621,0.16551439402665089,1.0986122886681098,-0.6088059777807845,-0.10925699551092483,-0.7360546770915408,0.660107296910448,2.2813614526458945,0.3264219276027027,2.5352828480448486,1.4816045625986316
2022-10-11,0.5933268136642206,0.5486146038500137,-0.9395593607657597,-1.8838747902909985,0.7902738895598617,0.3852624202533859,0.39204210066351436,1.4445632152622998,-0.35667496096863105,1.631199430343676,1.8718021769015913,2.2793165129086996,2.9110454354936532,-1.5606477794861495,1.1314020807274126,2.5802168151427143,-0.24974425331116593,0.9702105644659988,-0.4064655955542572,-0.669430606445179,0.16551439402665089,1.0986122886681098,-0.6106459906617153,-0.11070810621768815,-0.7402387920924303,0.660107296910448,2.272125865845949,0.32497781654028574,2.5400259730765704,1.4816045625986316
2022-10-12,0.5933268136642206,0.5486146038500137,-0.9519178903697003,-1.8773173762891981,0.786637568812187,0.37294193150901556,0.3987761263578665,1.4336548769965285,-0.3538218437105867,1.8180767527746666,1.8625285490014267,2.2617631382102195,2.921008698583398,-1.5654209967872197,1.1297879153805754,2.583242533221714,-0.25231491572699893,0.9666035261591501,-0.40346713114330257,-0.6733445719632621,0.16551439402665089,1.0986122886681098,-0.605136296250607,-0.10547161164114124,-0.7518361571878942,0.660107296910448,2.2669578758203524,0.32497781654028574,2.5257286443082556,1.4747629829196454
2022-10-13,0.5933268136642206,0.5678568371780002,-0.9291227255416404,-1.8643301543719686,0.786637568812187,0.37018326235001087,0.4054651081081644,1.4341317141713548,-0.35953615640847886,1.750937514444229,1.8809905942333667,2.2407096486940716,2.9156061794795076,-1.5347943827145432,1.1233049167653806,2.583242533221714,-0.26526845212554157,0.9707789568946539,-0.40346713114330257,-0.6891552105836493,0.16126810701423566,1.111857502869784,-0.6014800320605991,-0.10536054214877988,-0.7787050876210885,0.6575199757395465,2.2375130840367854,0.3220834957137716,2.5400259730765704,1.4816045625986316
2022-10-14,0.601580013162518,0.5644879383639853,-0.9301361707270951,-1.870802681987112,0.7929925327907349,0.37156358931780376,0.39204210066351436,1.4158531355845128,-0.35953615640847886,1.720979314463589,1.8931119433807513,2.254444689646298,2.9134370349690686,-1.532476845358914,1.128171063132732,2.5862591239406965,-0.2613647889051693,0.9705894684280457,-0.4525567508799816,-0.6851789948269755,0.16126810701423566,1.111857502869784,-0.5942072577562696,-0.10147914625588865,-0.772190361065407,0.6575199757395465,2.2396453297827645,0.3220834957137716,2.533696844232807,1.4816045625986316
2022-10-17,0.601580013162518,0.5428839493279797,-0.9288694869194053,-1.8740546754543217,0.7884573820386862,0.36464315332433833,0.39204210066351436,1.4114747173077276,-0.35953615640847886,1.6900958295279285,1.92278775394263,2.2438961290075907,2.9134370349690686,-1.520969249715825,1.1297879153805754,2.5877640495686753,-0.25231491572699893,0.9969486489679831,-0.4307829527722363,-0.6616485661744478,0.13976192164310813,1.118414897264793,-0.5887871523482119,-0.09993082271115618,-0.7635696648099776,0.6575199757395465,2.2375130840367854,0.32063318781703637,2.533696844232807,1.4816045625986316
2022-10-18,0.5960854992432373,0.5486146038500137,-0.9291227255416404,-1.8971199451494523,0.7920871033636211,0.37156358931780376,0.40212621003219595,1.4124493055899805,-0.35953615640847886,1.7137979621249846,1.9198594970256604,2.2512917986064953,2.9134370349690686,-1.5141277380483795,1.1216775398540886,2.5802168151427143,-0.24974425331116593,1.0017342319035447,-0.4307829527722363,-0.6616485661744478,0.15700371212988268,1.118414897264793,-0.5780343921589373,-0.10092593599662689,-0.7571524856264542,0.660107296910448,2.2385797752186574,0.323531703263294,2.5400259730765704,1.4838746548583253
2022-10-19,0.5988365299085318,0.5486146038500137,-0.9314043854174091,-1.8740546754543217,0.7966058596901886,0.37156358931780376,0.39204210066351436,1.4134230609933993,-0.345311179226928,1.6956155736779295,1.937301782763736,2.2481289353953264,2.9079933425879174,-1.5232602402536388,1.118414897264793,2.5877640495686753,-0.24974425331116593,0.9895412148852936,-0.4525567508799816,-0.6616485661744478,0.16126810701423566,1.118414897264793,-0.5762534706632169,-0.1165338323291143,-0.760355927703464,0.6575199757395465,2.236445253809719,0.32063318781703637,2.536866415880321,1.4861397133506802
2022-10-20,0.5960854992432373,0.5497567631423497,-0.9288694869194053,-1.8740546754543217,0.7893659941248377,0.36464315332433833,0.3987761263578665,1.4080558090435815,-0.3538218437105867,1.6900958295279285,1.937301782763736,2.2396453297827645,2.903616972097839,-1.5278579589521235,1.1085626100789578,2.581730854622391,-0.24974425331116593,0.9858168194321688,-0.4338645796864231,-0.6616485661744478,0.16551439402665089,1.118414897264793,-0.5869869950230042,-0.1075852085559412,-0.7624972285410495,0.6575199757395465,2.2353763840994962,0.3148107433205967,2.532108245207593,1.4838746548583253
2022-10-21,0.5933268136642206,0.5486146038500137,-0.9293759528227797,-1.8740546754543217,0.7902738895598617,0.36741704443327017,0.3987761263578665,1.407076927390132,-0.34814008336411373,1.7047480922384253,1.937301782763736,2.244955935706487,2.9047128877014243,-1.532476845358914,1.0952733905921412,2.5802168151427143,-0.2678794638550978,0.9867491528606772,-0.4338645796864231,-0.6616485661744478,0.16126810701423566,1.111857502869784,-0.5869869950230042,-0.10769659181196682,-0.772190361065407,0.6549259429689858,2.2343062685777846,0.3148107433205967,2.5273274022345453,1.4793291966737756
2022-10-24,0.5960854992432373,0.5486146038500137,-0.9270989111894995,-1.8740546754543217,0.8011042886778752,0.37018326235001087,0.39204210066351436,1.4293538788982527,-0.32020524905092973,1.702928213830758,1.937301782763736,2.2481289353953264,2.9112630712673986,-1.532476845358914,1.0986122886681098,2.58475200201879,-0.25360272930383676,0.9858168194321688,-0.4004775416877218,-0.6500876627815833,0.16126810701423566,1.111857502869784,-0.5691612277379458,-0.09993082271115618,-0.7657178657038589,0.6549259429689858,2.2353763840994962,0.3148107433205967,2.5257286443082556,1.4747629829196454
2022-10-25,0.5960854992432373,0.5497567631423497,-0.9291227255416404,-1.8773173762891981,0.79389703537278,0.37156358931780376,0.3987761263578665,1.4346082104941136,-0.32020524905092973,1.693779071386318,1.937301782763736,2.2407096486940716,2.9079933425879174,-1.5347943827145432,1.0818051865157,2.583242533221714,-0.25102875848115286,0.9818912311134015,-0.4004775416877218,-0.6577800238351633,0.15700371212988268,1.111857502869784,-0.5798184909954676,-0.10547161164114124,-0.7614260049762066,0.6575199757395465,2.230014420668335,0.3148107433205967,2.517696441847303,1.4747629829196454
2022-10-26,0.604315990304337,0.5554482784642533,-0.9296293197504802,-1.8805906594836632,0.7948008282559842,0.3688011098865309,0.4054651081081644,1.4388868302401623,-0.32020524905092973,1.7137979621249846,1.8718021769015913,2.2428350966874167,2.9079933425879174,-1.53711723422062,1.0818051865157,2.583242533221714,-0.2718086913811933,0.9822657357964976,-0.4307829527722363,-0.634878326417536,0.15700371212988268,1.111857502869784,-0.5762534706632169,-0.08894050398050474,-0.7560869691619159,0.660107296910448,2.233235006681981,0.32063318781703637,2.5289235321627515,1.4747629829196454
2022-10-27,0.6178847063416013,0.5644879383639853,-0.9314043854174091,-1.8838747902909985,0.7957038050351462,0.37156358931780376,0.39204210066351436,1.4341317141713548,-0.31745425109033026,1.7191887627204694,1.843719235320376,2.2407096486940716,2.909084475148269,-1.53711723422062,1.0919233069178118,2.583242533221714,-0.2876820724517809,0.9760679524394122,-0.41551540422523675,-0.6424540227307711,0.14841997634361676,1.0986122886681098,-0.5691612277379458,-0.08370772024653546,-0.7560869691619159,0.6626880025703182,2.2321625959533167,0.3191807734719373,2.530517194449025,1.4770487505164178
2022-10-28,0.6232610582093141,0.5554482784642533,-0.9329283388461727,-1.8871696438035332,0.7975072087716788,0.36464315332433833,0.3852624202533859,1.42791605410662,-0.32020524905092973,1.7191887627204694,1.8082887555452603,2.2428350966874167,2.9079933425879174,-1.5394455633999904,1.0952733905921412,2.583242533221714,-0.31471071871163714,0.9779500821335252,-0.4307829527722363,-0.6462636155909703,0.1441003192029951,1.111857502869784,-0.5586162409189821,-0.08446912445680546,-0.7550225868144006,0.6575199757395465,2.230014420668335,0.32063318781703637,2.5257286443082556,1.4793291966737756
2022-10-31,0.6151856519777241,0.5588477852721541,-0.917791868506599,-1.89379219796156,0.8020015940251602,0.36464315332433833,0.3987761263578665,1.430311205469349,-0.3011050798964309,1.722766580711205,1.8341802216746002,2.2669578758203524,2.906901018156694,-1.5441184786981834,1.0986122886681098,2.5877640495686753,-0.3495574998426354,0.9745596759858403,-0.41551540422523675,-0.6851789948269755,0.1441003192029951,1.111857502869784,-0.5586162409189821,-0.08338159079850715,-0.7486599116605644,0.6575199757395465,2.2343062685777846,0.3220834957137716,2.5225235164208617,1.4770487505164178
2022-11-01,,0.5599783228107291,,-1.9625478317831075,0.823297916099733,0.37018326235001087,0.3852624202533859,1.430311205469349,,1.7119944938734573,1.7884205711520866,2.286455726571061,,,1.116779614475343,2.589266642201148,-0.3710636848461737,,-0.41551540422523675,,,,,-0.05361178987446557,-0.7360546770915408,,2.2353763840994962,0.3293037368511509,2.530517194449025,
2022-11-02,,0.570096458460467,,-1.8871696438035332,0.8712934098363785,0.36603106068748137,0.39204210066351436,1.4288747574755523,,1.7137979621249846,1.8082887555452603,2.256541174464876,,,1.1553076173261616,2.5877640495686753,-0.35953615640847886,,-0.41551540422523675,,,,,-0.07257068514391356,-0.7256703776841095,,2.2385797752186574,0.3293037368511509,2.532108245207593,
2022-11-03,0.644481993560171,0.5712144246090384,-0.9180422423429083,-1.9241486719708365,0.8671005357678014,0.37018326235001087,0.3784364618483082,1.4327007475904805,-0.3092462133380336,1.7281094624785824,1.811562077824738,2.260720904806493,2.9047128877014243,-1.551169016118592,1.1584522710585192,2.6203112701361366,-0.3667252529572426,1.002101379884849,-0.4185503592516444,-0.6733445719632621,0.13976192164310813,1.111857502869784,-0.5378543108509458,-0.07257068514391356,-0.7123299936577763,0.660107296910448,2.2502385885036236,0.3364722195913143,2.5289235321627515,1.4724720879835123
2022-11-04,0.6418538736240484,0.5767854502064307,-0.9208008740599959,-1.8773173762891981,0.891998062756118,0.37156358931780376,0.37156358931780376,1.430311205469349,-0.2930296896446386,1.7561322849964802,1.791759469228055,2.249184267979622,2.9058076035886677,-1.5535302618957736,1.1847899790762915,2.6290069689909954,-0.3667252529572426,1.007957923880542,-0.4307829527722363,-0.6655320163100682,0.13976192164310813,1.111857502869784,-0.5175145855147302,-0.054456157598719336,-0.7072461034886239,0.660107296910448,2.2638442527814697,0.3364722195913143,2.530517194449025,1.4747629829196454
2022-11-07,0.6259384334164266,0.5812200718657958,-0.917791868506599,-1.8451601999313316,0.8911780161945907,0.3743183764877394,0.4054651081081644,1.4255150375933898,-0.328504027235607,1.74745917045659,1.8050046834297293,2.2407096486940716,2.9058076035886677,-1.5606477794861495,1.1678273309926341,2.6318888126927806,-0.35667496096863105,1.0224509174110963,-0.4307829527722363,-0.6577800238351633,0.13976192164310813,1.111857502869784,-0.5191938253520891,0.02469258933002205,-0.7052197864082786,0.6626880025703182,2.277267285009756,0.3393253368493586,2.538447404663274,1.4747629829196454
2022-11-08,0.6365768215027072,0.5801132420787728,-0.9175414827426014,-1.8388511119998723,0.8977193447342383,0.3743183764877394,0.39204210066351436,1.4255150375933898,-0.3119747741406619,1.754403718983308,1.8050046834297293,2.2512917986064953,2.917770732084279,-1.5582696167986623,1.1939224540228235,2.6390573296152584,-0.35667496096863105,1.0152306762737169,-0.4185503592516444,-0.6733445719632621,0.13102824985805775,1.1052568250710544,-0.5276327865332945,0.05808023825237289,-0.7072461034886239,0.660107296910448,2.2813614526458945,0.3378997532407398,2.530517194449025,1.4770487505164178
2022-11-09,0.6365768215027072,0.5678568371780002,-0.9213032689053661,-1.8451601999313316,0.8985340467854596,0.3798053698075909,0.3987761263578665,1.4269563162842382,-0.3092462133380336,1.7404661413782472,1.8405496636728618,2.2502385885036236,2.910174418435893,-1.5606477794861495,1.189366678064637,2.634762375230749,-0.328504027235607,1.01341748414423,-0.4185503592516444,-0.669430606445179,0.13976192164310813,1.1052568250710544,-0.5447272042163286,0.005982113388948107,-0.7092765348681647,0.660107296910448,2.272125865845949,0.3435896807173099,2.5289235321627515,1.4770487505164178
2022-11-10,0.6365768215027072,0.5599783228107291,-0.917791868506599,-1.8740546754543217,0.9001613654511708,0.3743183764877394,0.3852624202533859,1.430311205469349,-0.30381148733382646,1.754403718983308,1.843719235320376,2.2407096486940716,2.9134370349690686,-1.5535302618957736,1.1908875531824559,2.634762375230749,-0.31471071871163714,1.0367368612772552,-0.4307829527722363,-0.6772737994893577,0.13976192164310813,1.111857502869784,-0.5276327865332945,0.02955877446462218,-0.702187928580268,0.660107296910448,2.2679936324285785,0.3492474160040558,2.530517194449025,1.467874383270813
2022-11-11,0.649717602712519,0.5712144246090384,-0.9205498086677418,-1.8451601999313316,0.9321640660119519,0.3784364618483082,0.3987761263578665,1.435084479876259,-0.2876820724517809,1.763016987275961,1.7950872561523765,2.259677584018892,2.9199306095189024,-1.5417792567185997,1.189366678064637,2.6447553453112924,-0.2957142204353696,1.064020844556651,-0.4525567508799816,-0.669430606445179,0.13102824985805775,1.0986122886681098,-0.5175145855147302,0.01783992468601292,-0.6871650671709972,0.660107296910448,2.2690283173549592,0.35627484521789604,2.541601978446052,1.4883995453072971
2022-11-14,0.649717602712519,0.5745607763609745,-0.9498475383326028,-1.8451601999313316,0.914689471139558,0.3784364618483082,0.4054651081081644,1.4346082104941136,-0.26657314472420696,1.7817091430076275,1.8050046834297293,2.2512917986064953,2.9231616012282804,-1.53711723422062,1.189366678064637,2.643333916227234,-0.3011050798964309,1.0919233069178118,-0.4525567508799816,-0.6577800238351633,0.13102824985805775,1.0919233069178118,-0.5191938253520891,0.016857077681642095,-0.6616485661744478,0.660107296910448,2.2690283173549592,0.36603106068748137,2.532108245207593,1.4929040533163809
2022-11-15,0.644481993560171,0.5767854502064307,-0.9454620962869442,-1.8675612297107889,0.8250522798578737,0.3811724064192834,0.4054651081081644,1.4341317141713548,-0.29840605766443795,1.7647308229681988,1.814824720414034,2.2512917986064953,2.939161901882013,-1.4396951232602153,1.177115314889206,2.653241951175182,-0.3078847603065594,1.1085626100789578,-0.46521507910496607,-0.6577800238351633,0.15700371212988268,1.0919233069178118,-0.5208759901242266,0.00796818573296978,-0.653926504086446,0.6626880025703182,2.270061932814909,0.36603106068748137,2.530517194449025,1.4951487745851055
2022-11-16,0.6365768215027072,0.5987644122399763,-0.9444330075353297,-1.870802681987112,0.8020015940251602,0.3743183764877394,0.40212621003219595,1.4374626567553286,-0.28501898927326397,1.7578579504376943,1.8809905942333667,2.2512917986064953,2.935982277247362,-1.454573185536152,1.1724821431396693,2.6588599382119416,-0.3078847603065594,1.0969441933567547,-0.47160488998033256,-0.6386590006944797,0.14841997634361676,1.0986122886681098,-0.5225608888296203,0.006777039407990463,-0.6577800238351633,0.660107296910448,2.2679936324285785,0.36603106068748137,2.532108245207593,1.4951487745851055
2022-11-17,0.6286086594223741,0.5823256113449224,-0.9519178903697003,-1.8201589408063137,0.824175430418003,0.37294193150901556,0.3987761263578665,1.4393610666820325,-0.28236290022321064,1.752672077214378,1.8931119433807513,2.2502385885036236,2.938103116266432,-1.4696759519183977,1.1847899790762915,2.6616571402213416,-0.328504027235607,1.1019400755924311,-0.4684049284484976,-0.6462636155909703,0.15272105427348082,1.0986122886681098,-0.5191938253520891,0.0,-0.6655320163100682,0.660107296910448,2.2679936324285785,0.36741704443327017,2.530517194449025,1.5129270036508398
2022-11-18,0.6365768215027072,0.5723311423048985,-0.9493306001219349,-1.8643301543719686,0.8171331333819448,,0.40212621003219595,1.4445632152622998,-0.28236290022321064,1.7561322849964802,,2.2502385885036236,2.939161901882013,-1.4696759519183977,1.1786549963416462,2.663052845812192,-0.3215835912421416,1.118088070156929,-0.4620354671654025,-0.6424540227307711,0.15700371212988268,1.0986122886681098,-0.5025267894248724,0.009950321410848074,-0.6520051841451724,0.660107296910448,2.2669578758203524,0.36603106068748137,2.5257286443082556,1.5518087551465416
2022-11-21,0.6392188284692253,0.5767854502064307,-0.9444330075353297,-1.8643301543719686,0.811818751778368,0.375692929469615,0.40212621003219595,1.4445632152622998,-0.28236290022321064,1.754403718983308,1.8931119433807513,2.2385797752186574,2.943385769063569,-1.4696759519183977,1.1693813684414813,2.664446539711808,-0.3298939464624982,1.1115285252318838,-0.45886583881144105,-0.6198967418645278,0.15272105427348082,1.0986122886681098,-0.5074978368416693,0.014494484124473508,-0.6558514077601465,0.6626880025703182,2.2669578758203524,0.36464315332433833,2.5289235321627515,1.5539252065362912
2022-11-22,0.6523251636879481,0.5689773085494726,-0.9418649858064232,-1.8643301543719686,0.8046885825894339,0.37706559564880426,0.4054651081081644,1.4374626567553286,-0.28501898927326397,1.752672077214378,1.890095352661769,2.2396453297827645,2.9538680853664383,-1.4588650462638042,1.1662709490257166,2.664446539711808,-0.31471071871163714,1.1121863723169894,-0.4620354671654025,-0.6198967418645278,0.15272105427348082,1.0986122886681098,-0.48613299566871987,0.014691501942652677,-0.6635884060953231,0.6652620040380635,2.2669578758203524,0.36603106068748137,2.533696844232807,1.5644405903963239
2022-11-23,0.6652620040380635,0.5756736984130547,-0.9218059162781908,-1.8388511119998723,0.7993073660968865,0.37294193150901556,0.40212621003219595,1.4407825409853563,-0.2770718719512915,1.752672077214378,1.9198594970256604,2.2385797752186574,2.9517803541360115,-1.4740332660577349,1.1678273309926341,2.6602595506039637,-0.3215835912421416,1.1085626100789578,-0.4620354671654025,-0.6014800320605991,0.13102824985805775,1.0986122886681098,-0.44628712498016154,0.03998962457588401,-0.6713857326362543,0.6678293970288427,2.259677584018892,0.36464315332433833,2.541601978446052,1.5686159576502743
2022-11-24,0.660107296910448,0.5678568371780002,-0.9167908504753155,-1.8451601999313316,0.7948008282559842,0.3784364618483082,0.3987761263578665,1.4407825409853563,-0.3011050798964309,1.749199854809259,1.92278775394263,2.2396453297827645,2.949688355024821,-1.4872202971165176,1.1631508247068418,2.6574584310367695,-0.3215835912421416,1.1052568250710544,-0.4620354671654025,-0.5798184909954676,0.15700371212988268,1.0986122886681098,-0.4200712525139516,0.04401684434945842,-0.6871650671709972,0.6652620040380635,2.257587770956269,0.36464315332433833,2.541601978446052,1.5686159576502743
2022-11-25,0.6575199757395465,0.5588477852721541,-0.9118008101054432,-1.8451601999313316,0.8197798230908944,0.3798053698075909,0.4054651081081644,1.44125587947624,-0.3092462133380336,1.74745917045659,1.913977132897488,2.2385797752186574,2.9370433095675357,-1.4740332660577349,1.1553076173261616,2.647592223960215,-0.3078847603065594,1.1019400755924311,-0.4620354671654025,-0.5905905560847444,0.15272105427348082,1.0986122886681098,-0.4307829527722363,0.0522128274562615,-0.697155210096271,0.6626880025703182,2.257587770956269,0.36464315332433833,2.543175578904807,1.5644405903963239
2022-11-28,0.6678293970288427,0.5588477852721541,-0.9150415136643277,-1.8578992511002232,0.8153648090643967,0.3784364618483082,0.40212621003219595,1.4398350783303009,-0.29840605766443795,1.7298840418372006,1.92278775394263,2.2407096486940716,2.9423314485395675,-1.4696759519183977,1.1410330411146548,2.647592223960215,-0.3078847603065594,1.0946042391837767,-0.46521507910496607,-0.6014800320605991,0.1133286895644778,1.0919233069178118,-0.4385049917576616,0.09166714849934621,-0.6911492035950835,0.6678293970288427,2.256541174464876,0.36464315332433833,2.541601978446052,1.5686159576502743
2022-11-29,0.6678293970288427,0.5588477852721541,-0.9137938689178094,-1.8578992511002232,0.8294248229856125,0.37294193150901556,0.40212621003219595,1.4558204486779043,-0.29840605766443795,1.7263316435424467,1.899117961850743,2.2460147213220676,2.9444389791664403,-1.4653375416253522,1.1584522710585192,2.649007684748678,-0.316081584911141,1.1002776060706703,-0.46521507910496607,-0.6014800320605991,0.1441003192029951,1.0986122886681098,-0.4170317755934358,0.08984068743688986,-0.6831968591490972,0.6678293970288427,2.255493481461561,0.36464315332433833,2.541601978446052,1.5706970722215243
